-- creating a product table 
CREATE TABLE product (
    product_id SERIAL PRIMARY KEY,
    product_name VARCHAR(100),
    category VARCHAR(50),
    price NUMERIC(10, 2)
);

-- creating a customer table
CREATE TABLE customer (
    customer_id SERIAL PRIMARY KEY,
    customer_name VARCHAR(100),
    email VARCHAR(100),
    registration_date DATE
);

-- creating an orders table
CREATE TABLE orders (
    order_id SERIAL PRIMARY KEY,
	customer_id INT REFERENCES customer (customer_id),
    product_id INT REFERENCES product (product_id),
    quantity INT,
	discount NUMERIC(5, 2),
	sale_date DATE,
    delivery_date DATE
);


-- DATA

INSERT INTO product (product_id, product_name, category, price) VALUES
(1, 'Laptop Pro 14"', 'Electronics', 1299.99),
(2, 'Wireless Mouse', 'Accessories', 25.50),
(3, 'Noise-Cancelling Headphones', 'Electronics', 199.00),
(4, 'Office Chair', 'Furniture', 175.75),
(5, 'Ergonomic Keyboard', 'Accessories', 55.00),
(6, '4K Monitor', 'Electronics', 399.90),
(7, 'USB-C Docking Station', 'Accessories', 89.00),
(8, 'Smartphone X', 'Electronics', 899.00),
(9, 'Portable SSD 1TB', 'Storage', 129.99),
(10, 'Desk Lamp', 'Furniture', 49.99);


INSERT INTO customer (customer_id, customer_name, email, registration_date) VALUES
(1, 'Alice Johnson', 'alice.j@example.com', '2025-06-01'),
(2, 'Brian Smith', 'brian.s@example.com', '2025-06-01'),
(3, 'Clara Evans', NULL, '2025-06-01'),
(4, 'Daniel White', 'daniel.w@example.com', '2025-06-01'),
(5, 'Eva Harris', 'eva.h@example.com', '2025-06-01'),
(6, 'Frank Martin', NULL, '2025-06-01'),
(7, 'Grace Lee', 'grace.l@example.com', '2025-06-01'),
(8, 'Henry Adams', 'henry.a@example.com', '2025-06-01'),
(9, 'Ivy Turner', 'ivy.t@example.com', '2025-06-01'),
(10, 'Jack Walker', 'jack.w@example.com', '2025-06-02'),
(11, 'Karen Hall', NULL, '2025-06-02'),
(12, 'Liam Allen', 'liam.a@example.com', '2025-06-02'),
(13, 'Mia Young', 'mia.y@example.com', '2025-06-02'),
(14, 'Noah Scott', NULL, '2025-06-02'),
(15, 'Olivia King', 'olivia.k@example.com', '2025-06-02'),
(16, 'Paul Green', 'paul.g@example.com', '2025-06-03'),
(17, 'Quinn Baker', 'quinn.b@example.com', '2025-06-03'),
(18, 'Ryan Perez', NULL, '2025-06-03'),
(19, 'Sophia Reed', 'sophia.r@example.com', '2025-06-03'),
(20, 'Tom Brooks', 'tom.b@example.com', '2025-06-03'),
(21, 'Uma Fox', NULL, '2025-06-04'),
(22, 'Victor Diaz', 'victor.d@example.com', '2025-06-04'),
(23, 'Wendy Cole', 'wendy.c@example.com', '2025-06-05'),
(24, 'Xander Hill', NULL, '2025-06-05'),
(25, 'Yara Knight', 'yara.k@example.com', '2025-06-06'),
(26, 'Zane Ortiz', 'zane.o@example.com', '2025-06-06'),
(27, 'Amber Stone', NULL, '2025-06-07'),
(28, 'Blake Cruz', 'blake.c@example.com', '2025-06-08'),
(29, 'Cathy Long', 'cathy.l@example.com', '2025-06-09'),
(30, 'Derek Cole', NULL, '2025-06-10'),
(31, 'Ella Ford', 'ella.f@example.com', '2025-06-11'),
(32, 'Felix Ray', 'felix.r@example.com', '2025-06-12'),
(33, 'Gina Snow', NULL, '2025-06-13'),
(34, 'Harry Lane', 'harry.l@example.com', '2025-06-14'),
(35, 'Isla West', 'isla.w@example.com', '2025-06-15'),
(36, 'Jake Finn', NULL, '2025-06-16'),
(37, 'Kara Bell', 'kara.b@example.com', '2025-06-17'),
(38, 'Leo Hart', 'leo.h@example.com', '2025-06-18'),
(39, 'Maya Cruz', NULL, '2025-06-19'),
(40, 'Nolan Ray', 'nolan.r@example.com', '2025-06-20'),
(41, 'Olive Lane', NULL, '2025-06-21'),
(42, 'Peter King', 'peter.k@example.com', '2025-06-22'),
(43, 'Quincy Hill', 'quincy.h@example.com', '2025-06-23'),
(44, 'Rita Fox', NULL, '2025-06-24'),
(45, 'Sam West', 'sam.w@example.com', '2025-06-25'),
(46, 'Tina Long', 'tina.l@example.com', '2025-06-26'),
(47, 'Umar Diaz', NULL, '2025-06-27'),
(48, 'Vera Stone', 'vera.s@example.com', '2025-06-28'),
(49, 'Will Bell', 'will.b@example.com', '2025-06-29'),
(50, 'Xena Ford', NULL, '2025-06-30'),
(51, 'Yusuf Ray', 'yusuf.r@example.com', '2025-07-01'),
(52, 'Zara Lane', 'zara.l@example.com', '2025-07-02'),
(53, 'Aidan King', NULL, '2025-07-03'),
(54, 'Bella Hill', 'bella.h@example.com', '2025-07-04'),
(55, 'Caleb Fox', 'caleb.f@example.com', '2025-07-05'),
(56, 'Dahlia West', NULL, '2025-07-06'),
(57, 'Ethan Cruz', 'ethan.c@example.com', '2025-07-07'),
(58, 'Faith Ray', 'faith.r@example.com', '2025-07-08'),
(59, 'Gavin Lane', NULL, '2025-07-09'),
(60, 'Hazel King', 'hazel.k@example.com', '2025-07-10'),
(61, 'Ian Bell', 'ian.b@example.com', '2025-07-11'),
(62, 'Jade Stone', NULL, '2025-07-12'),
(63, 'Kyle Ford', 'kyle.f@example.com', '2025-07-13'),
(64, 'Luna Ray', 'luna.r@example.com', '2025-07-14'),
(65, 'Mason Hill', NULL, '2025-07-15'),
(66, 'Nina Cruz', 'nina.c@example.com', '2025-07-16'),
(67, 'Owen Lane', 'owen.l@example.com', '2025-07-17'),
(68, 'Paige West', NULL, '2025-07-18'),
(69, 'Quentin King', 'quentin.k@example.com', '2025-07-19'),
(70, 'Riley Bell', NULL, '2025-07-20');


INSERT INTO orders (order_id, customer_id, product_id, quantity, discount, sale_date, delivery_date) VALUES
(520, 29, 3, 3, 15.89, '2025-07-30', '2025-08-06'),
(492, 18, 2, 3, NULL, '2025-07-26', '2025-08-01'),
(1, 8, 7, 1, NULL, '2025-06-01', '2025-06-06'),
(194, 16, 3, 1, NULL, '2025-06-21', '2025-06-26'),
(430, 36, 1, 1, NULL, '2025-07-18', '2025-07-21'),
(365, 41, 6, 1, 10.95, '2025-07-10', '2025-07-13'),
(379, 45, 10, 1, 19.99, '2025-07-12', '2025-07-15'),
(73, 17, 10, 2, NULL, '2025-06-07', '2025-06-09'),
(507, 5, 2, 3, 13.91, '2025-07-28', '2025-07-31'),
(195, 32, 1, 3, 13.75, '2025-06-21', '2025-06-28'),
(241, 8, 5, 2, NULL, '2025-06-26', '2025-07-02'),
(413, 26, 5, 2, 18.98, '2025-07-16', '2025-07-22'),
(451, 2, 10, 1, NULL, '2025-07-21', '2025-07-22'),
(173, 28, 5, 1, 9.28, '2025-06-19', '2025-06-23'),
(532, 29, 6, 1, 8.47, '2025-07-31', '2025-08-04'),
(28, 6, 1, 3, NULL, '2025-06-03', '2025-06-05'),
(428, 11, 8, 3, 17.13, '2025-07-18', '2025-07-20'),
(129, 2, 7, 3, NULL, '2025-06-13', '2025-06-20'),
(423, 19, 8, 3, 8.22, '2025-07-18', '2025-07-25'),
(155, 26, 5, 3, 9.18, '2025-06-17', '2025-06-21'),
(32, 15, 4, 3, NULL, '2025-06-04', '2025-06-09'),
(498, 28, 3, 3, 13.83, '2025-07-27', '2025-07-30'),
(486, 52, 8, 3, 9.91, '2025-07-25', '2025-07-26'),
(264, 17, 5, 1, NULL, '2025-06-28', '2025-06-30'),
(483, 39, 6, 1, 15.47, '2025-07-24', '2025-07-26'),
(496, 36, 9, 3, 12.12, '2025-07-26', '2025-07-31'),
(127, 8, 8, 3, NULL, '2025-06-13', '2025-06-20'),
(131, 33, 10, 2, NULL, '2025-06-14', '2025-06-16'),
(442, 45, 5, 1, NULL, '2025-07-20', '2025-07-21'),
(340, 41, 1, 2, 11.83, '2025-07-07', '2025-07-09'),
(356, 59, 8, 3, 16.89, '2025-07-09', NULL),
(321, 29, 9, 1, NULL, '2025-07-05', '2025-07-12'),
(158, 17, 10, 3, 18.87, '2025-06-17', '2025-06-23'),
(316, 28, 6, 3, NULL, '2025-07-04', '2025-07-09'),
(20, 10, 1, 1, NULL, '2025-06-02', '2025-06-07'),
(193, 3, 10, 1, NULL, '2025-06-21', '2025-06-23'),
(80, 10, 10, 2, NULL, '2025-06-08', '2025-06-09'),
(298, 49, 8, 3, NULL, '2025-07-02', '2025-07-06'),
(204, 26, 8, 3, NULL, '2025-06-22', '2025-06-27'),
(136, 22, 5, 2, 5.9, '2025-06-15', '2025-06-22'),
(77, 12, 8, 2, NULL, '2025-06-08', '2025-06-11'),
(289, 43, 7, 1, 15.14, '2025-07-01', '2025-07-06'),
(502, 66, 10, 3, NULL, '2025-07-27', '2025-08-01'),
(402, 29, 10, 2, 19.99, '2025-07-15', '2025-07-21'),
(464, 34, 10, 2, NULL, '2025-07-22', '2025-07-26'),
(285, 9, 7, 3, NULL, '2025-07-01', '2025-07-05'),
(297, 44, 3, 1, NULL, '2025-07-02', '2025-07-05'),
(10, 7, 7, 3, NULL, '2025-06-01', '2025-06-04'),
(525, 51, 7, 1, NULL, '2025-07-30', '2025-08-02'),
(161, 35, 6, 1, 5.23, '2025-06-17', '2025-06-22'),
(500, 36, 9, 1, NULL, '2025-07-27', '2025-07-30'),
(320, 21, 9, 2, 11.03, '2025-07-05', '2025-07-08'),
(503, 22, 7, 1, NULL, '2025-07-27', '2025-07-30'),
(138, 3, 9, 3, 17.64, '2025-06-15', '2025-06-17'),
(481, 19, 1, 3, NULL, '2025-07-24', '2025-07-29'),
(487, 20, 8, 2, NULL, '2025-07-25', '2025-07-27'),
(102, 18, 4, 2, 7.48, '2025-06-11', '2025-06-13'),
(157, 20, 1, 3, NULL, '2025-06-17', NULL),
(437, 60, 7, 3, 8.96, '2025-07-19', '2025-07-25'),
(259, 21, 7, 2, NULL, '2025-06-28', '2025-06-29'),
(50, 15, 3, 1, 10.12, '2025-06-06', '2025-06-11'),
(455, 12, 4, 2, 16.45, '2025-07-22', '2025-07-26'),
(347, 4, 10, 3, 12.29, '2025-07-08', '2025-07-15'),
(41, 2, 5, 1, 18.98, '2025-06-04', '2025-06-07'),
(40, 13, 9, 1, NULL, '2025-06-04', '2025-06-06'),
(228, 7, 7, 1, 7.83, '2025-06-24', '2025-06-25'),
(513, 70, 8, 1, 18.83, '2025-07-28', '2025-08-03'),
(506, 41, 2, 1, NULL, '2025-07-28', '2025-08-01'),
(420, 62, 10, 2, 9.87, '2025-07-17', '2025-07-20'),
(171, 13, 5, 2, 19.54, '2025-06-18', '2025-06-20'),
(248, 18, 10, 2, NULL, '2025-06-27', '2025-06-28'),
(385, 1, 10, 2, NULL, '2025-07-13', '2025-07-14'),
(52, 16, 7, 1, 17.19, '2025-06-06', '2025-06-11'),
(463, 34, 9, 3, 5.22, '2025-07-22', '2025-07-25'),
(474, 46, 10, 3, NULL, '2025-07-23', '2025-07-26'),
(142, 13, 2, 2, 19.83, '2025-06-16', NULL),
(393, 35, 1, 3, 19.98, '2025-07-13', '2025-07-15'),
(79, 8, 8, 3, NULL, '2025-06-08', '2025-06-12'),
(395, 23, 8, 1, 11.4, '2025-07-13', '2025-07-16'),
(286, 11, 6, 1, NULL, '2025-07-01', '2025-07-06'),
(396, 57, 6, 1, NULL, '2025-07-14', '2025-07-17'),
(366, 24, 8, 3, 15.94, '2025-07-11', '2025-07-12'),
(308, 6, 10, 1, NULL, '2025-07-04', NULL),
(119, 32, 10, 3, NULL, '2025-06-12', '2025-06-14'),
(445, 68, 2, 1, NULL, '2025-07-20', '2025-07-27'),
(276, 40, 10, 1, NULL, '2025-06-29', '2025-07-05'),
(162, 5, 4, 2, 10.34, '2025-06-18', '2025-06-20'),
(42, 14, 10, 2, 12.91, '2025-06-05', NULL),
(90, 27, 2, 3, NULL, '2025-06-09', '2025-06-13'),
(497, 34, 5, 3, NULL, '2025-07-27', '2025-07-29'),
(427, 26, 4, 1, NULL, '2025-07-18', '2025-07-20'),
(302, 27, 5, 3, 6.21, '2025-07-03', '2025-07-09'),
(403, 29, 9, 1, NULL, '2025-07-15', '2025-07-18'),
(467, 9, 4, 1, NULL, '2025-07-23', '2025-07-28'),
(243, 38, 2, 1, NULL, '2025-06-26', '2025-06-29'),
(448, 31, 9, 2, 6.37, '2025-07-20', '2025-07-27'),
(104, 21, 9, 3, 6.75, '2025-06-11', '2025-06-18'),
(48, 18, 6, 3, 9.28, '2025-06-05', '2025-06-07'),
(462, 66, 8, 1, 8.16, '2025-07-22', '2025-07-24'),
(17, 1, 9, 3, NULL, '2025-06-02', '2025-06-09'),
(130, 34, 8, 2, 7.94, '2025-06-14', NULL),
(121, 10, 7, 3, 8.92, '2025-06-13', '2025-06-18'),
(72, 11, 1, 2, NULL, '2025-06-07', '2025-06-12'),
(479, 24, 10, 2, NULL, '2025-07-24', '2025-07-31'),
(91, 25, 4, 3, 16.63, '2025-06-09', '2025-06-16'),
(433, 38, 8, 1, NULL, '2025-07-19', '2025-07-26'),
(124, 33, 2, 1, 13.05, '2025-06-13', '2025-06-18'),
(280, 19, 7, 1, NULL, '2025-06-30', '2025-07-02'),
(501, 27, 10, 3, 8.68, '2025-07-27', '2025-08-01'),
(373, 22, 9, 3, NULL, '2025-07-11', '2025-07-12'),
(369, 10, 6, 2, NULL, '2025-07-11', '2025-07-13'),
(97, 30, 10, 2, NULL, '2025-06-10', '2025-06-14'),
(86, 7, 7, 2, NULL, '2025-06-09', '2025-06-10'),
(326, 49, 2, 1, 10.06, '2025-07-06', '2025-07-07'),
(458, 26, 7, 1, NULL, '2025-07-22', '2025-07-26'),
(170, 15, 8, 3, NULL, '2025-06-18', '2025-06-22'),
(261, 32, 2, 3, NULL, '2025-06-28', '2025-07-01'),
(159, 13, 1, 2, NULL, '2025-06-17', '2025-06-20'),
(275, 43, 7, 1, NULL, '2025-06-29', '2025-07-04'),
(214, 24, 2, 3, 19.09, '2025-06-23', '2025-06-28'),
(9, 9, 5, 2, 6.96, '2025-06-01', '2025-06-03'),
(509, 17, 9, 1, 18.73, '2025-07-28', '2025-07-31'),
(4, 5, 1, 1, 5.08, '2025-06-01', '2025-06-08'),
(294, 1, 4, 2, NULL, '2025-07-02', '2025-07-06'),
(67, 16, 4, 2, 18.6, '2025-06-07', '2025-06-14'),
(434, 27, 6, 1, 19.65, '2025-07-19', '2025-07-21'),
(212, 19, 8, 3, NULL, '2025-06-23', '2025-06-25'),
(34, 6, 9, 2, NULL, '2025-06-04', NULL),
(351, 47, 4, 3, 15.63, '2025-07-08', '2025-07-12'),
(251, 5, 8, 3, NULL, '2025-06-27', '2025-07-02'),
(66, 23, 4, 3, 12.81, '2025-06-07', '2025-06-08'),
(331, 11, 8, 2, NULL, '2025-07-06', '2025-07-10'),
(2, 2, 10, 3, NULL, '2025-06-01', '2025-06-06'),
(244, 38, 2, 2, NULL, '2025-06-26', '2025-06-28'),
(368, 16, 10, 2, NULL, '2025-07-11', '2025-07-12'),
(98, 23, 4, 3, NULL, '2025-06-10', '2025-06-15'),
(153, 16, 3, 3, NULL, '2025-06-17', '2025-06-20'),
(443, 21, 8, 3, NULL, '2025-07-20', '2025-07-25'),
(526, 1, 2, 1, 8.09, '2025-07-30', '2025-08-02'),
(429, 14, 3, 2, 5.58, '2025-07-18', '2025-07-24'),
(358, 17, 4, 2, 19.25, '2025-07-10', '2025-07-12'),
(495, 51, 7, 1, NULL, '2025-07-26', '2025-07-30'),
(137, 22, 9, 1, NULL, '2025-06-15', '2025-06-17'),
(152, 24, 4, 3, NULL, '2025-06-16', '2025-06-18'),
(59, 24, 9, 1, NULL, '2025-06-06', '2025-06-10'),
(291, 40, 5, 3, 16.8, '2025-07-01', '2025-07-08'),
(394, 17, 7, 2, 16.08, '2025-07-13', '2025-07-15'),
(514, 70, 6, 3, 7.04, '2025-07-28', '2025-07-31'),
(269, 21, 6, 2, NULL, '2025-06-29', '2025-07-04'),
(357, 45, 4, 3, NULL, '2025-07-09', '2025-07-11'),
(313, 33, 2, 2, 5.35, '2025-07-04', '2025-07-10'),
(377, 7, 2, 3, 11.01, '2025-07-12', NULL),
(426, 24, 5, 1, 15.77, '2025-07-18', NULL),
(364, 36, 6, 1, 10.92, '2025-07-10', '2025-07-12'),
(111, 30, 7, 1, 13.58, '2025-06-11', NULL),
(341, 41, 10, 3, 8.96, '2025-07-07', '2025-07-12'),
(7, 4, 7, 3, NULL, '2025-06-01', '2025-06-07'),
(327, 21, 10, 2, 15.0, '2025-07-06', '2025-07-12'),
(528, 42, 7, 1, NULL, '2025-07-31', '2025-08-04'),
(274, 36, 9, 3, NULL, '2025-06-29', '2025-07-06'),
(85, 14, 1, 1, 12.22, '2025-06-09', '2025-06-13'),
(100, 10, 1, 3, NULL, '2025-06-10', '2025-06-15'),
(82, 22, 3, 2, 8.11, '2025-06-08', '2025-06-11'),
(99, 21, 2, 2, 15.07, '2025-06-10', '2025-06-11'),
(242, 7, 7, 2, 18.04, '2025-06-26', '2025-07-03'),
(47, 7, 4, 2, 6.19, '2025-06-05', '2025-06-10'),
(355, 32, 10, 1, 6.34, '2025-07-09', '2025-07-16'),
(322, 54, 3, 3, 16.4, '2025-07-05', '2025-07-12'),
(258, 33, 7, 2, 16.37, '2025-06-28', '2025-07-05'),
(480, 19, 10, 3, 9.52, '2025-07-24', '2025-07-25'),
(11, 7, 4, 2, NULL, '2025-06-02', '2025-06-08'),
(334, 26, 3, 2, NULL, '2025-07-06', '2025-07-07'),
(30, 17, 3, 2, 17.25, '2025-06-04', '2025-06-05'),
(453, 61, 1, 3, NULL, '2025-07-21', '2025-07-23'),
(461, 4, 10, 3, 18.46, '2025-07-22', '2025-07-24'),
(238, 33, 9, 3, 9.91, '2025-06-25', '2025-07-01'),
(165, 23, 8, 1, NULL, '2025-06-18', '2025-06-21'),
(5, 5, 3, 2, 18.82, '2025-06-01', '2025-06-03'),
(307, 45, 10, 2, 17.76, '2025-07-04', NULL),
(179, 17, 7, 2, NULL, '2025-06-19', '2025-06-24'),
(60, 24, 2, 1, 19.13, '2025-06-06', '2025-06-12'),
(475, 33, 4, 2, NULL, '2025-07-23', '2025-07-30'),
(45, 21, 6, 1, 12.25, '2025-06-05', '2025-06-11'),
(512, 57, 10, 3, NULL, '2025-07-28', '2025-07-29'),
(518, 12, 2, 3, 10.36, '2025-07-29', '2025-08-03'),
(367, 57, 1, 1, 19.15, '2025-07-11', '2025-07-14'),
(3, 2, 6, 2, NULL, '2025-06-01', '2025-06-05'),
(517, 39, 3, 3, NULL, '2025-07-29', '2025-08-03'),
(49, 5, 2, 3, 6.6, '2025-06-06', '2025-06-13'),
(391, 37, 7, 3, NULL, '2025-07-13', '2025-07-14'),
(312, 22, 5, 2, NULL, '2025-07-04', '2025-07-06'),
(211, 19, 4, 2, 12.17, '2025-06-23', '2025-06-24'),
(227, 12, 5, 3, NULL, '2025-06-24', NULL),
(431, 36, 9, 2, NULL, '2025-07-18', '2025-07-21'),
(511, 15, 2, 2, NULL, '2025-07-28', '2025-07-30'),
(472, 58, 9, 1, 8.12, '2025-07-23', '2025-07-25'),
(149, 25, 5, 1, 12.39, '2025-06-16', '2025-06-21'),
(529, 42, 10, 2, NULL, '2025-07-31', '2025-08-03'),
(29, 17, 8, 3, 9.25, '2025-06-04', '2025-06-05'),
(141, 23, 7, 3, 19.96, '2025-06-15', '2025-06-17'),
(210, 1, 8, 2, NULL, '2025-06-23', '2025-06-26'),
(345, 18, 1, 1, NULL, '2025-07-08', '2025-07-12'),
(305, 52, 3, 2, 6.42, '2025-07-03', '2025-07-09'),
(133, 20, 6, 3, NULL, '2025-06-14', '2025-06-16'),
(96, 9, 9, 3, NULL, '2025-06-10', '2025-06-14'),
(323, 47, 6, 1, NULL, '2025-07-05', '2025-07-07'),
(221, 39, 7, 3, 5.73, '2025-06-24', '2025-06-26'),
(348, 57, 3, 2, NULL, '2025-07-08', '2025-07-15'),
(199, 12, 5, 1, NULL, '2025-06-22', '2025-06-26'),
(510, 17, 2, 3, 8.15, '2025-07-28', '2025-07-31'),
(172, 39, 1, 2, 9.45, '2025-06-19', '2025-06-25'),
(337, 26, 8, 2, 6.65, '2025-07-07', '2025-07-09');


